Open Time,Open,High,Low,Close,Volume,Close Time,Quote Asset Volume,Number of trades,Taker Buy Base Asset Volume,Taker Buy Quote Asset volume
1693526400000,0.23030000,0.23040000,0.22970000,0.23010000,22901.00000000,1693526459999,5269.53260000,24,4240.00000000,976.02420000,0
1693526460000,0.23020000,0.23030000,0.23020000,0.23030000,4053.00000000,1693526519999,933.28040000,4,4053.00000000,933.28040000,0
1693526520000,0.23050000,0.23080000,0.23050000,0.23080000,4644.00000000,1693526579999,1071.33760000,11,4492.00000000,1036.28640000,0
1693526580000,0.23080000,0.23080000,0.23060000,0.23060000,3783.00000000,1693526639999,872.38360000,4,0.00000000,0.00000000,0
1693526640000,0.23060000,0.23060000,0.23060000,0.23060000,0.00000000,1693526699999,0.00000000,0,0.00000000,0.00000000,0
1693526700000,0.23080000,0.23080000,0.23080000,0.23080000,51.00000000,1693526759999,11.77080000,1,51.00000000,11.77080000,0
1693526760000,0.23080000,0.23080000,0.23070000,0.23070000,1962.00000000,1693526819999,452.78630000,4,433.00000000,99.89310000,0
1693526820000,0.23070000,0.23070000,0.23070000,0.23070000,0.00000000,1693526879999,0.00000000,0,0.00000000,0.00000000,0
1693526880000,0.23070000,0.23070000,0.23070000,0.23070000,0.00000000,1693526939999,0.00000000,0,0.00000000,0.00000000,0
1693526940000,0.23090000,0.23090000,0.23090000,0.23090000,70.00000000,1693526999999,16.16300000,1,70.00000000,16.16300000,0
1693527000000,0.23080000,0.23090000,0.23080000,0.23090000,3545.00000000,1693527059999,818.43850000,6,2525.00000000,583.02250000,0
1693527060000,0.23090000,0.23090000,0.23090000,0.23090000,0.00000000,1693527119999,0.00000000,0,0.00000000,0.00000000,0
1693527120000,0.23090000,0.23090000,0.23090000,0.23090000,0.00000000,1693527179999,0.00000000,0,0.00000000,0.00000000,0
1693527180000,0.23090000,0.23090000,0.23090000,0.23090000,1758.00000000,1693527239999,405.92220000,3,1651.00000000,381.21590000,0
1693527240000,0.23100000,0.23100000,0.23100000,0.23100000,46.00000000,1693527299999,10.62600000,1,46.00000000,10.62600000,0
1693527300000,0.23110000,0.23110000,0.23110000,0.23110000,198.00000000,1693527359999,45.75780000,2,198.00000000,45.75780000,0
1693527360000,0.23110000,0.23130000,0.23110000,0.23130000,7979.00000000,1693527419999,1844.74320000,15,7668.00000000,1772.85110000,0
1693527420000,0.23140000,0.23140000,0.23130000,0.23140000,4014.00000000,1693527479999,928.67490000,7,2755.00000000,637.38190000,0
1693527480000,0.23150000,0.23150000,0.23140000,0.23140000,2049.00000000,1693527539999,474.14810000,4,95.00000000,21.99250000,0
1693527540000,0.23150000,0.23160000,0.23150000,0.23160000,7079.00000000,1693527599999,1638.96250000,11,6927.00000000,1603.75930000,0
1693527600000,0.23170000,0.23180000,0.23170000,0.23180000,7362.00000000,1693527659999,1705.79540000,16,7185.00000000,1664.78450000,0
1693527660000,0.23170000,0.23170000,0.23170000,0.23170000,647.00000000,1693527719999,149.90990000,1,647.00000000,149.90990000,0
1693527720000,0.23170000,0.23170000,0.23170000,0.23170000,0.00000000,1693527779999,0.00000000,0,0.00000000,0.00000000,0
1693527780000,0.23150000,0.23150000,0.23150000,0.23150000,1098.00000000,1693527839999,254.18700000,2,0.00000000,0.00000000,0
1693527840000,0.23150000,0.23150000,0.23150000,0.23150000,0.00000000,1693527899999,0.00000000,0,0.00000000,0.00000000,0
1693527900000,0.23130000,0.23130000,0.23130000,0.23130000,2057.00000000,1693527959999,475.78410000,4,1462.00000000,338.16060000,0
1693527960000,0.23150000,0.23150000,0.23150000,0.23150000,799.00000000,1693528019999,184.96850000,2,799.00000000,184.96850000,0
1693528020000,0.23150000,0.23150000,0.23150000,0.23150000,2103.00000000,1693528079999,486.84450000,4,2103.00000000,486.84450000,0
1693528080000,0.23160000,0.23160000,0.23160000,0.23160000,97.00000000,1693528139999,22.46520000,1,0.00000000,0.00000000,0
1693528140000,0.23160000,0.23160000,0.23160000,0.23160000,1000.00000000,1693528199999,231.60000000,1,1000.00000000,231.60000000,0
1693528200000,0.23160000,0.23160000,0.23160000,0.23160000,0.00000000,1693528259999,0.00000000,0,0.00000000,0.00000000,0
1693528260000,0.23160000,0.23160000,0.23160000,0.23160000,1662.00000000,1693528319999,384.91920000,4,1662.00000000,384.91920000,0
1693528320000,0.23160000,0.23160000,0.23160000,0.23160000,287.00000000,1693528379999,66.46920000,1,0.00000000,0.00000000,0
1693528380000,0.23160000,0.23160000,0.23160000,0.23160000,0.00000000,1693528439999,0.00000000,0,0.00000000,0.00000000,0
1693528440000,0.23160000,0.23160000,0.23150000,0.23150000,672.00000000,1693528499999,155.60320000,3,320.00000000,74.08000000,0
1693528500000,0.23150000,0.23150000,0.23140000,0.23140000,1876.00000000,1693528559999,434.25680000,3,372.00000000,86.08080000,0
1693528560000,0.23140000,0.23140000,0.23140000,0.23140000,0.00000000,1693528619999,0.00000000,0,0.00000000,0.00000000,0
1693528620000,0.23130000,0.23140000,0.23130000,0.23140000,1180.00000000,1693528679999,272.94500000,4,1180.00000000,272.94500000,0
1693528680000,0.23140000,0.23140000,0.23140000,0.23140000,0.00000000,1693528739999,0.00000000,0,0.00000000,0.00000000,0
1693528740000,0.23150000,0.23150000,0.23150000,0.23150000,1273.00000000,1693528799999,294.69950000,3,0.00000000,0.00000000,0
1693528800000,0.23160000,0.23160000,0.23160000,0.23160000,2596.00000000,1693528859999,601.23360000,4,1547.00000000,358.28520000,0
1693528860000,0.23180000,0.23200000,0.23180000,0.23200000,11074.00000000,1693528919999,2567.96860000,24,11074.00000000,2567.96860000,0
1693528920000,0.23180000,0.23180000,0.23180000,0.23180000,1293.00000000,1693528979999,299.71740000,3,0.00000000,0.00000000,0
1693528980000,0.23180000,0.23190000,0.23180000,0.23180000,15289.00000000,1693529039999,3545.28990000,12,13601.00000000,3153.84750000,0
1693529040000,0.23190000,0.23190000,0.23180000,0.23180000,1944.00000000,1693529099999,450.80640000,4,1772.00000000,410.92680000,0
1693529100000,0.23180000,0.23190000,0.23170000,0.23170000,640.00000000,1693529159999,148.35200000,6,270.00000000,62.61300000,0
1693529160000,0.23190000,0.23200000,0.23190000,0.23200000,852.00000000,1693529219999,197.60130000,5,852.00000000,197.60130000,0
1693529220000,0.23200000,0.23210000,0.23200000,0.23210000,5779.00000000,1693529279999,1340.74090000,6,5143.00000000,1193.17600000,0
1693529280000,0.23210000,0.23210000,0.23200000,0.23200000,1746.00000000,1693529339999,405.08160000,4,96.00000000,22.28160000,0
1693529340000,0.23200000,0.23200000,0.23200000,0.23200000,0.00000000,1693529399999,0.00000000,0,0.00000000,0.00000000,0
1693529400000,0.23200000,0.23200000,0.23200000,0.23200000,0.00000000,1693529459999,0.00000000,0,0.00000000,0.00000000,0
1693529460000,0.23210000,0.23230000,0.23210000,0.23230000,11401.00000000,1693529519999,2647.90340000,23,11249.00000000,2612.62420000,0
1693529520000,0.23230000,0.23230000,0.23230000,0.23230000,1176.00000000,1693529579999,273.18480000,4,0.00000000,0.00000000,0
1693529580000,0.23230000,0.23230000,0.23220000,0.23220000,21587.00000000,1693529639999,5012.61130000,13,0.00000000,0.00000000,0
1693529640000,0.23230000,0.23230000,0.23230000,0.23230000,379.00000000,1693529699999,88.04170000,2,0.00000000,0.00000000,0
1693529700000,0.23230000,0.23230000,0.23230000,0.23230000,0.00000000,1693529759999,0.00000000,0,0.00000000,0.00000000,0
1693529760000,0.23230000,0.23240000,0.23220000,0.23240000,7250.00000000,1693529819999,1684.18500000,12,7150.00000000,1660.96500000,0
1693529820000,0.23240000,0.23240000,0.23230000,0.23230000,7204.00000000,1693529879999,1673.84720000,9,3580.00000000,831.99200000,0
1693529880000,0.23240000,0.23240000,0.23230000,0.23240000,2488.00000000,1693529939999,578.19870000,5,2363.00000000,549.16120000,0
1693529940000,0.23230000,0.23230000,0.23220000,0.23220000,18430.00000000,1693529999999,4281.27890000,6,101.00000000,23.45220000,0
1693530000000,0.23220000,0.23220000,0.23220000,0.23220000,0.00000000,1693530059999,0.00000000,0,0.00000000,0.00000000,0
1693530060000,0.23200000,0.23200000,0.23180000,0.23180000,4609.00000000,1693530119999,1068.92820000,8,861.00000000,199.75200000,0
1693530120000,0.23180000,0.23180000,0.23170000,0.23180000,5997.00000000,1693530179999,1390.07590000,9,3504.00000000,812.22720000,0
1693530180000,0.23190000,0.23200000,0.23180000,0.23180000,8281.00000000,1693530239999,1920.24560000,11,4098.00000000,950.52620000,0
1693530240000,0.23190000,0.23190000,0.23180000,0.23190000,3646.00000000,1693530299999,845.49940000,9,3566.00000000,826.95540000,0
1693530300000,0.23180000,0.23180000,0.23170000,0.23170000,3057.00000000,1693530359999,708.49540000,11,0.00000000,0.00000000,0
1693530360000,0.23160000,0.23160000,0.23160000,0.23160000,146.00000000,1693530419999,33.81360000,1,146.00000000,33.81360000,0
1693530420000,0.23170000,0.23170000,0.23170000,0.23170000,3746.00000000,1693530479999,867.94820000,2,3746.00000000,867.94820000,0
1693530480000,0.23160000,0.23160000,0.23150000,0.23150000,4407.00000000,1693530539999,1020.64710000,5,46.00000000,10.64900000,0
1693530540000,0.23150000,0.23150000,0.23130000,0.23130000,3152.00000000,1693530599999,729.58410000,6,1405.00000000,325.24460000,0
1693530600000,0.23140000,0.23150000,0.23140000,0.23150000,1086.00000000,1693530659999,251.40040000,3,1086.00000000,251.40040000,0
1693530660000,0.23150000,0.23150000,0.23140000,0.23140000,1018.00000000,1693530719999,235.62980000,4,0.00000000,0.00000000,0
1693530720000,0.23160000,0.23180000,0.23160000,0.23180000,2171.00000000,1693530779999,502.99410000,5,2171.00000000,502.99410000,0
1693530780000,0.23170000,0.23180000,0.23170000,0.23180000,1227.00000000,1693530839999,284.39590000,2,1227.00000000,284.39590000,0
1693530840000,0.23180000,0.23180000,0.23180000,0.23180000,0.00000000,1693530899999,0.00000000,0,0.00000000,0.00000000,0
1693530900000,0.23150000,0.23150000,0.23150000,0.23150000,759.00000000,1693530959999,175.70850000,3,0.00000000,0.00000000,0
1693530960000,0.23150000,0.23170000,0.23150000,0.23170000,8200.00000000,1693531019999,1898.50000000,7,8200.00000000,1898.50000000,0
1693531020000,0.23140000,0.23140000,0.23140000,0.23140000,3121.00000000,1693531079999,722.19940000,5,0.00000000,0.00000000,0
1693531080000,0.23160000,0.23160000,0.23160000,0.23160000,1000.00000000,1693531139999,231.60000000,1,1000.00000000,231.60000000,0
1693531140000,0.23150000,0.23150000,0.23150000,0.23150000,1000.00000000,1693531199999,231.50000000,1,1000.00000000,231.50000000,0
1693531200000,0.23160000,0.23180000,0.23160000,0.23180000,1092.00000000,1693531259999,253.05680000,3,1000.00000000,231.74960000,0
1693531260000,0.23170000,0.23180000,0.23170000,0.23180000,1000.00000000,1693531319999,231.70210000,2,1000.00000000,231.70210000,0
1693531320000,0.23180000,0.23180000,0.23180000,0.23180000,0.00000000,1693531379999,0.00000000,0,0.00000000,0.00000000,0
1693531380000,0.23180000,0.23190000,0.23180000,0.23180000,1152.00000000,1693531439999,267.11860000,4,1000.00000000,231.88500000,0
1693531440000,0.23180000,0.23190000,0.23180000,0.23180000,2036.00000000,1693531499999,471.98890000,5,1000.00000000,231.84410000,0
1693531500000,0.23190000,0.23200000,0.23190000,0.23200000,1000.00000000,1693531559999,231.98900000,2,1000.00000000,231.98900000,0
1693531560000,0.23190000,0.23190000,0.23160000,0.23160000,6073.00000000,1693531619999,1408.21920000,8,5646.00000000,1309.29450000,0
1693531620000,0.23150000,0.23150000,0.23140000,0.23140000,846.00000000,1693531679999,195.77390000,4,0.00000000,0.00000000,0
1693531680000,0.23140000,0.23180000,0.23140000,0.23170000,10006.00000000,1693531739999,2317.59140000,19,9442.00000000,2186.99720000,0
1693531740000,0.23160000,0.23170000,0.23160000,0.23160000,10813.00000000,1693531799999,2504.85050000,8,10813.00000000,2504.85050000,0
1693531800000,0.23170000,0.23170000,0.23150000,0.23150000,2504.00000000,1693531859999,579.87600000,4,1000.00000000,231.70000000,0
1693531860000,0.23130000,0.23130000,0.23090000,0.23090000,9119.00000000,1693531919999,2107.36010000,21,3462.00000000,799.87680000,0
1693531920000,0.23090000,0.23140000,0.23090000,0.23130000,12873.00000000,1693531979999,2974.83120000,16,3262.00000000,754.30060000,0
1693531980000,0.23130000,0.23140000,0.23130000,0.23140000,852.00000000,1693532039999,197.07420000,3,852.00000000,197.07420000,0
1693532040000,0.23110000,0.23110000,0.23070000,0.23090000,52901.00000000,1693532099999,12213.71270000,54,9641.00000000,2226.39200000,0
1693532100000,0.23080000,0.23120000,0.23080000,0.23110000,11658.00000000,1693532159999,2692.50510000,16,11446.00000000,2643.51190000,0
1693532160000,0.23100000,0.23130000,0.23100000,0.23130000,2564.00000000,1693532219999,592.76940000,8,2282.00000000,527.62740000,0
1693532220000,0.23120000,0.23120000,0.23090000,0.23110000,4081.00000000,1693532279999,942.96760000,9,2000.00000000,462.27160000,0
1693532280000,0.23110000,0.23110000,0.23110000,0.23110000,0.00000000,1693532339999,0.00000000,0,0.00000000,0.00000000,0
1693532340000,0.23110000,0.23120000,0.23110000,0.23120000,2000.00000000,1693532399999,462.30000000,3,2000.00000000,462.30000000,0
1693532400000,0.23120000,0.23130000,0.23120000,0.23120000,1740.00000000,1693532459999,402.33800000,10,1500.00000000,346.85000000,0
1693532460000,0.23100000,0.23100000,0.23100000,0.23100000,60.00000000,1693532519999,13.86000000,1,0.00000000,0.00000000,0
1693532520000,0.23110000,0.23110000,0.23110000,0.23110000,1000.00000000,1693532579999,231.10000000,1,1000.00000000,231.10000000,0
1693532580000,0.23110000,0.23110000,0.23100000,0.23100000,13503.00000000,1693532639999,3119.31910000,8,5494.00000000,1269.11400000,0
1693532640000,0.23100000,0.23100000,0.23100000,0.23100000,0.00000000,1693532699999,0.00000000,0,0.00000000,0.00000000,0
1693532700000,0.23110000,0.23120000,0.23080000,0.23080000,16307.00000000,1693532759999,3768.08850000,15,9171.00000000,2119.51810000,0
1693532760000,0.23080000,0.23080000,0.23070000,0.23080000,12992.00000000,1693532819999,2998.18360000,9,8019.00000000,1850.54520000,0
1693532820000,0.23060000,0.23060000,0.23060000,0.23060000,70.00000000,1693532879999,16.14200000,1,0.00000000,0.00000000,0
1693532880000,0.23060000,0.23070000,0.23060000,0.23070000,2871.00000000,1693532939999,662.20970000,8,1062.00000000,244.99720000,0
1693532940000,0.23090000,0.23100000,0.23070000,0.23070000,1991.00000000,1693532999999,459.65060000,6,1065.00000000,245.91500000,0
1693533000000,0.23080000,0.23100000,0.23080000,0.23100000,3688.00000000,1693533059999,851.55920000,5,3688.00000000,851.55920000,0
1693533060000,0.23100000,0.23110000,0.23100000,0.23110000,3129.00000000,1693533119999,722.89900000,6,3129.00000000,722.89900000,0
1693533120000,0.23090000,0.23110000,0.23090000,0.23110000,1092.00000000,1693533179999,252.35580000,4,1065.00000000,246.12150000,0
1693533180000,0.23100000,0.23100000,0.23080000,0.23080000,6416.00000000,1693533239999,1481.71500000,6,0.00000000,0.00000000,0
1693533240000,0.23080000,0.23080000,0.23060000,0.23070000,15658.00000000,1693533299999,3612.42570000,16,4582.00000000,1057.11930000,0
1693533300000,0.23070000,0.23070000,0.23070000,0.23070000,0.00000000,1693533359999,0.00000000,0,0.00000000,0.00000000,0
1693533360000,0.23070000,0.23070000,0.23040000,0.23040000,776.00000000,1693533419999,178.87900000,12,88.00000000,20.30160000,0
1693533420000,0.23040000,0.23050000,0.23040000,0.23050000,5468.00000000,1693533479999,1259.92720000,12,2101.00000000,484.17040000,0
1693533480000,0.23050000,0.23050000,0.23000000,0.23030000,43682.00000000,1693533539999,10057.84880000,71,19781.00000000,4552.98840000,0
1693533540000,0.23030000,0.23030000,0.23030000,0.23030000,0.00000000,1693533599999,0.00000000,0,0.00000000,0.00000000,0
1693533600000,0.23030000,0.23030000,0.23030000,0.23030000,0.00000000,1693533659999,0.00000000,0,0.00000000,0.00000000,0
1693533660000,0.23030000,0.23030000,0.23030000,0.23030000,0.00000000,1693533719999,0.00000000,0,0.00000000,0.00000000,0
1693533720000,0.23040000,0.23040000,0.23040000,0.23040000,395.00000000,1693533779999,91.00800000,1,395.00000000,91.00800000,0
1693533780000,0.23050000,0.23080000,0.23050000,0.23080000,3686.00000000,1693533839999,850.53520000,11,2823.00000000,651.35480000,0
1693533840000,0.23090000,0.23110000,0.23090000,0.23100000,9644.00000000,1693533899999,2228.00370000,22,3300.00000000,762.01810000,0
1693533900000,0.23100000,0.23100000,0.23090000,0.23090000,3413.00000000,1693533959999,788.35020000,29,2317.00000000,535.22700000,0
1693533960000,0.23080000,0.23080000,0.23080000,0.23080000,147.00000000,1693534019999,33.92760000,1,0.00000000,0.00000000,0
1693534020000,0.23070000,0.23080000,0.23070000,0.23080000,1606.00000000,1693534079999,370.51440000,5,1504.00000000,346.97280000,0
1693534080000,0.23090000,0.23090000,0.23090000,0.23090000,2604.00000000,1693534139999,601.26360000,4,2604.00000000,601.26360000,0
1693534140000,0.23090000,0.23090000,0.23090000,0.23090000,8039.00000000,1693534199999,1856.20510000,15,5574.00000000,1287.03660000,0
1693534200000,0.23080000,0.23080000,0.23060000,0.23080000,2899.00000000,1693534259999,668.66270000,10,1799.00000000,414.95660000,0
1693534260000,0.23090000,0.23090000,0.23090000,0.23090000,437.00000000,1693534319999,100.90330000,5,437.00000000,100.90330000,0
1693534320000,0.23090000,0.23090000,0.23090000,0.23090000,1109.00000000,1693534379999,256.06810000,6,0.00000000,0.00000000,0
1693534380000,0.23090000,0.23090000,0.23090000,0.23090000,0.00000000,1693534439999,0.00000000,0,0.00000000,0.00000000,0
1693534440000,0.23090000,0.23090000,0.23090000,0.23090000,12145.00000000,1693534499999,2804.28050000,10,0.00000000,0.00000000,0
1693534500000,0.23090000,0.23100000,0.23090000,0.23090000,6320.00000000,1693534559999,1459.29820000,8,102.00000000,23.56200000,0
1693534560000,0.23090000,0.23090000,0.23090000,0.23090000,0.00000000,1693534619999,0.00000000,0,0.00000000,0.00000000,0
1693534620000,0.23090000,0.23090000,0.23090000,0.23090000,0.00000000,1693534679999,0.00000000,0,0.00000000,0.00000000,0
1693534680000,0.23110000,0.23110000,0.23110000,0.23110000,4396.00000000,1693534739999,1015.91560000,4,4396.00000000,1015.91560000,0
1693534740000,0.23120000,0.23120000,0.23120000,0.23120000,647.00000000,1693534799999,149.58640000,3,647.00000000,149.58640000,0
1693534800000,0.23120000,0.23130000,0.23120000,0.23130000,20857.00000000,1693534859999,4822.50170000,21,16074.00000000,3716.67210000,0
1693534860000,0.23130000,0.23150000,0.23130000,0.23140000,11058.00000000,1693534919999,2559.61820000,41,7784.00000000,1801.84410000,0
1693534920000,0.23150000,0.23150000,0.23150000,0.23150000,99.00000000,1693534979999,22.91850000,2,99.00000000,22.91850000,0
1693534980000,0.23150000,0.23150000,0.23150000,0.23150000,0.00000000,1693535039999,0.00000000,0,0.00000000,0.00000000,0
1693535040000,0.23140000,0.23140000,0.23130000,0.23130000,1402.00000000,1693535099999,324.39830000,12,0.00000000,0.00000000,0
1693535100000,0.23130000,0.23140000,0.23130000,0.23140000,2332.00000000,1693535159999,539.60640000,19,1444.00000000,334.14160000,0
1693535160000,0.23140000,0.23140000,0.23140000,0.23140000,0.00000000,1693535219999,0.00000000,0,0.00000000,0.00000000,0
1693535220000,0.23140000,0.23140000,0.23140000,0.23140000,0.00000000,1693535279999,0.00000000,0,0.00000000,0.00000000,0
1693535280000,0.23140000,0.23140000,0.23140000,0.23140000,0.00000000,1693535339999,0.00000000,0,0.00000000,0.00000000,0
1693535340000,0.23160000,0.23160000,0.23160000,0.23160000,43.00000000,1693535399999,9.95880000,1,43.00000000,9.95880000,0
1693535400000,0.23150000,0.23160000,0.23150000,0.23160000,803.00000000,1693535459999,185.95330000,4,588.00000000,136.18080000,0
1693535460000,0.23160000,0.23160000,0.23160000,0.23160000,1504.00000000,1693535519999,348.32640000,1,1504.00000000,348.32640000,0
1693535520000,0.23170000,0.23180000,0.23170000,0.23180000,2312.00000000,1693535579999,535.69760000,4,2312.00000000,535.69760000,0
1693535580000,0.23180000,0.23180000,0.23180000,0.23180000,0.00000000,1693535639999,0.00000000,0,0.00000000,0.00000000,0
1693535640000,0.23180000,0.23190000,0.23180000,0.23190000,5399.00000000,1693535699999,1251.52850000,8,403.00000000,93.45570000,0
1693535700000,0.23190000,0.23190000,0.23190000,0.23190000,2779.00000000,1693535759999,644.45010000,3,1905.00000000,441.76950000,0
1693535760000,0.23190000,0.23190000,0.23170000,0.23170000,269.00000000,1693535819999,62.34870000,2,269.00000000,62.34870000,0
1693535820000,0.23180000,0.23180000,0.23170000,0.23180000,2570.00000000,1693535879999,595.71880000,3,1303.00000000,302.03540000,0
1693535880000,0.23190000,0.23190000,0.23180000,0.23180000,7105.00000000,1693535939999,1646.95100000,4,120.00000000,27.82800000,0
1693535940000,0.23180000,0.23180000,0.23180000,0.23180000,0.00000000,1693535999999,0.00000000,0,0.00000000,0.00000000,0
1693536000000,0.23170000,0.23170000,0.23150000,0.23150000,40690.00000000,1693536059999,9424.32260000,15,0.00000000,0.00000000,0
1693536060000,0.23160000,0.23170000,0.23160000,0.23170000,8306.00000000,1693536119999,1924.38880000,4,8306.00000000,1924.38880000,0
1693536120000,0.23160000,0.23180000,0.23160000,0.23180000,12834.00000000,1693536179999,2974.35370000,10,10676.00000000,2474.56090000,0
1693536180000,0.23190000,0.23190000,0.23190000,0.23190000,282.00000000,1693536239999,65.39580000,2,127.00000000,29.45130000,0
1693536240000,0.23190000,0.23190000,0.23190000,0.23190000,0.00000000,1693536299999,0.00000000,0,0.00000000,0.00000000,0
1693536300000,0.23190000,0.23190000,0.23190000,0.23190000,0.00000000,1693536359999,0.00000000,0,0.00000000,0.00000000,0
1693536360000,0.23190000,0.23190000,0.23180000,0.23180000,83.00000000,1693536419999,19.24440000,2,50.00000000,11.59500000,0
1693536420000,0.23180000,0.23180000,0.23180000,0.23180000,0.00000000,1693536479999,0.00000000,0,0.00000000,0.00000000,0
1693536480000,0.23200000,0.23200000,0.23200000,0.23200000,150.00000000,1693536539999,34.80000000,1,150.00000000,34.80000000,0
1693536540000,0.23190000,0.23190000,0.23180000,0.23180000,10470.00000000,1693536599999,2427.28400000,10,0.00000000,0.00000000,0
1693536600000,0.23190000,0.23210000,0.23190000,0.23190000,7310.00000000,1693536659999,1695.46120000,12,3959.00000000,918.36430000,0
1693536660000,0.23190000,0.23190000,0.23190000,0.23190000,0.00000000,1693536719999,0.00000000,0,0.00000000,0.00000000,0
1693536720000,0.23190000,0.23190000,0.23190000,0.23190000,0.00000000,1693536779999,0.00000000,0,0.00000000,0.00000000,0
1693536780000,0.23170000,0.23170000,0.23170000,0.23170000,11305.00000000,1693536839999,2619.36850000,6,0.00000000,0.00000000,0
1693536840000,0.23170000,0.23180000,0.23170000,0.23180000,1253.00000000,1693536899999,290.44310000,3,1230.00000000,285.11400000,0
1693536900000,0.23180000,0.23180000,0.23170000,0.23170000,8123.00000000,1693536959999,1882.21610000,11,0.00000000,0.00000000,0
1693536960000,0.23150000,0.23160000,0.23150000,0.23160000,6467.00000000,1693537019999,1497.52120000,5,6467.00000000,1497.52120000,0
1693537020000,0.23150000,0.23160000,0.23150000,0.23160000,1693.00000000,1693537079999,391.98380000,2,543.00000000,125.75880000,0
1693537080000,0.23160000,0.23160000,0.23160000,0.23160000,471.00000000,1693537139999,109.08360000,1,0.00000000,0.00000000,0
1693537140000,0.23160000,0.23160000,0.23150000,0.23150000,948.00000000,1693537199999,219.48720000,4,0.00000000,0.00000000,0
1693537200000,0.23140000,0.23150000,0.23120000,0.23150000,50069.00000000,1693537259999,11581.29350000,22,10069.00000000,2330.71730000,0
1693537260000,0.23130000,0.23130000,0.23130000,0.23130000,1403.00000000,1693537319999,324.51390000,2,152.00000000,35.15760000,0
1693537320000,0.23130000,0.23130000,0.23130000,0.23130000,0.00000000,1693537379999,0.00000000,0,0.00000000,0.00000000,0
1693537380000,0.23120000,0.23130000,0.23120000,0.23130000,1751.00000000,1693537439999,404.94700000,3,1158.00000000,267.84540000,0
1693537440000,0.23150000,0.23150000,0.23150000,0.23150000,408.00000000,1693537499999,94.45200000,2,408.00000000,94.45200000,0
1693537500000,0.23150000,0.23150000,0.23150000,0.23150000,376.00000000,1693537559999,87.04400000,1,376.00000000,87.04400000,0
1693537560000,0.23130000,0.23130000,0.23120000,0.23120000,13625.00000000,1693537619999,3151.31210000,9,1238.00000000,286.34940000,0
1693537620000,0.23100000,0.23100000,0.23100000,0.23100000,430.00000000,1693537679999,99.33000000,4,0.00000000,0.00000000,0
1693537680000,0.23100000,0.23110000,0.23100000,0.23100000,11239.00000000,1693537739999,2596.90300000,9,11239.00000000,2596.90300000,0
1693537740000,0.23110000,0.23110000,0.23110000,0.23110000,3246.00000000,1693537799999,750.15060000,2,2584.00000000,597.16240000,0
1693537800000,0.23110000,0.23110000,0.23110000,0.23110000,459.00000000,1693537859999,106.07490000,1,459.00000000,106.07490000,0
1693537860000,0.23110000,0.23110000,0.23110000,0.23110000,0.00000000,1693537919999,0.00000000,0,0.00000000,0.00000000,0
1693537920000,0.23100000,0.23100000,0.23100000,0.23100000,216.00000000,1693537979999,49.89600000,2,216.00000000,49.89600000,0
1693537980000,0.23100000,0.23100000,0.23100000,0.23100000,68.00000000,1693538039999,15.70800000,1,0.00000000,0.00000000,0
1693538040000,0.23100000,0.23100000,0.23100000,0.23100000,1176.00000000,1693538099999,271.65600000,3,0.00000000,0.00000000,0
1693538100000,0.23100000,0.23100000,0.23100000,0.23100000,12474.00000000,1693538159999,2881.49400000,3,0.00000000,0.00000000,0
1693538160000,0.23100000,0.23110000,0.23100000,0.23110000,4730.00000000,1693538219999,1092.65000000,4,4730.00000000,1092.65000000,0
1693538220000,0.23100000,0.23100000,0.23100000,0.23100000,4397.00000000,1693538279999,1015.70700000,5,2893.00000000,668.28300000,0
1693538280000,0.23110000,0.23110000,0.23110000,0.23110000,70.00000000,1693538339999,16.17700000,1,70.00000000,16.17700000,0
1693538340000,0.23120000,0.23130000,0.23120000,0.23130000,4739.00000000,1693538399999,1095.76160000,11,4739.00000000,1095.76160000,0
1693538400000,0.23130000,0.23130000,0.23130000,0.23130000,0.00000000,1693538459999,0.00000000,0,0.00000000,0.00000000,0
1693538460000,0.23110000,0.23110000,0.23110000,0.23110000,6009.00000000,1693538519999,1388.67990000,4,0.00000000,0.00000000,0
1693538520000,0.23110000,0.23110000,0.23110000,0.23110000,8113.00000000,1693538579999,1874.91430000,14,64.00000000,14.79040000,0
1693538580000,0.23100000,0.23100000,0.23090000,0.23100000,5808.00000000,1693538639999,1341.09720000,12,2748.00000000,634.52070000,0
1693538640000,0.23100000,0.23100000,0.23100000,0.23100000,0.00000000,1693538699999,0.00000000,0,0.00000000,0.00000000,0
1693538700000,0.23100000,0.23100000,0.23100000,0.23100000,1053.00000000,1693538759999,243.24300000,2,1053.00000000,243.24300000,0
1693538760000,0.23100000,0.23100000,0.23100000,0.23100000,0.00000000,1693538819999,0.00000000,0,0.00000000,0.00000000,0
1693538820000,0.23100000,0.23100000,0.23100000,0.23100000,0.00000000,1693538879999,0.00000000,0,0.00000000,0.00000000,0
1693538880000,0.23100000,0.23100000,0.23100000,0.23100000,44.00000000,1693538939999,10.16400000,1,0.00000000,0.00000000,0
1693538940000,0.23100000,0.23100000,0.23070000,0.23080000,35167.00000000,1693538999999,8116.59580000,28,1348.00000000,311.06240000,0
1693539000000,0.23080000,0.23090000,0.23080000,0.23090000,9804.00000000,1693539059999,2263.63640000,5,9804.00000000,2263.63640000,0
1693539060000,0.23100000,0.23110000,0.23100000,0.23110000,1971.00000000,1693539119999,455.33800000,5,1832.00000000,423.21510000,0
1693539120000,0.23130000,0.23130000,0.23130000,0.23130000,203.00000000,1693539179999,46.95390000,1,203.00000000,46.95390000,0
1693539180000,0.23130000,0.23130000,0.23130000,0.23130000,234.00000000,1693539239999,54.12420000,2,234.00000000,54.12420000,0
1693539240000,0.23130000,0.23130000,0.23130000,0.23130000,0.00000000,1693539299999,0.00000000,0,0.00000000,0.00000000,0
1693539300000,0.23110000,0.23150000,0.23110000,0.23150000,5023.00000000,1693539359999,1161.88180000,10,4884.00000000,1129.75890000,0
1693539360000,0.23150000,0.23150000,0.23140000,0.23140000,1441.00000000,1693539419999,333.46130000,4,0.00000000,0.00000000,0
1693539420000,0.23160000,0.23160000,0.23160000,0.23160000,650.00000000,1693539479999,150.54000000,3,650.00000000,150.54000000,0
1693539480000,0.23160000,0.23160000,0.23160000,0.23160000,139.00000000,1693539539999,32.19240000,1,0.00000000,0.00000000,0
1693539540000,0.23150000,0.23150000,0.23130000,0.23150000,7367.00000000,1693539599999,1705.19000000,9,3370.00000000,779.91500000,0
1693539600000,0.23150000,0.23170000,0.23150000,0.23170000,4790.00000000,1693539659999,1109.59180000,13,3506.00000000,812.33070000,0
1693539660000,0.23170000,0.23180000,0.23170000,0.23180000,9310.00000000,1693539719999,2157.54850000,5,9310.00000000,2157.54850000,0
1693539720000,0.23170000,0.23170000,0.23150000,0.23150000,5738.00000000,1693539779999,1328.38870000,9,0.00000000,0.00000000,0
1693539780000,0.23160000,0.23160000,0.23160000,0.23160000,7459.00000000,1693539839999,1727.50440000,11,5043.00000000,1167.95880000,0
1693539840000,0.23150000,0.23160000,0.23140000,0.23140000,15446.00000000,1693539899999,3575.38940000,18,786.00000000,181.95920000,0
1693539900000,0.23150000,0.23150000,0.23140000,0.23140000,8720.00000000,1693539959999,2017.89430000,6,8720.00000000,2017.89430000,0
1693539960000,0.23130000,0.23130000,0.23130000,0.23130000,217.00000000,1693540019999,50.19210000,3,0.00000000,0.00000000,0
1693540020000,0.23130000,0.23140000,0.23130000,0.23140000,1302.00000000,1693540079999,301.16680000,3,1302.00000000,301.16680000,0
1693540080000,0.23130000,0.23130000,0.23130000,0.23130000,47.00000000,1693540139999,10.87110000,1,0.00000000,0.00000000,0
1693540140000,0.23140000,0.23150000,0.23140000,0.23150000,1074.00000000,1693540199999,248.52790000,2,1074.00000000,248.52790000,0
1693540200000,0.23140000,0.23160000,0.23140000,0.23150000,79.00000000,1693540259999,18.28850000,3,25.00000000,5.79000000,0
1693540260000,0.23150000,0.23150000,0.23150000,0.23150000,3546.00000000,1693540319999,820.89900000,3,0.00000000,0.00000000,0
1693540320000,0.23150000,0.23150000,0.23150000,0.23150000,13315.00000000,1693540379999,3082.42250000,7,0.00000000,0.00000000,0
1693540380000,0.23150000,0.23150000,0.23120000,0.23120000,27303.00000000,1693540439999,6316.48330000,18,0.00000000,0.00000000,0
1693540440000,0.23120000,0.23120000,0.23120000,0.23120000,0.00000000,1693540499999,0.00000000,0,0.00000000,0.00000000,0
1693540500000,0.23120000,0.23120000,0.23120000,0.23120000,0.00000000,1693540559999,0.00000000,0,0.00000000,0.00000000,0
1693540560000,0.23130000,0.23140000,0.23130000,0.23140000,2188.00000000,1693540619999,506.19380000,3,2188.00000000,506.19380000,0
1693540620000,0.23110000,0.23110000,0.23110000,0.23110000,3371.00000000,1693540679999,779.03810000,7,1150.00000000,265.76500000,0
1693540680000,0.23110000,0.23110000,0.23110000,0.23110000,1592.00000000,1693540739999,367.91120000,3,0.00000000,0.00000000,0
1693540740000,0.23100000,0.23100000,0.23090000,0.23100000,4291.00000000,1693540799999,990.84800000,9,411.00000000,94.94100000,0
1693540800000,0.23100000,0.23110000,0.23100000,0.23110000,800.00000000,1693540859999,184.81720000,3,800.00000000,184.81720000,0
1693540860000,0.23110000,0.23110000,0.23110000,0.23110000,1185.00000000,1693540919999,273.85350000,1,1185.00000000,273.85350000,0
1693540920000,0.23090000,0.23090000,0.23090000,0.23090000,88.00000000,1693540979999,20.31920000,1,0.00000000,0.00000000,0
1693540980000,0.23090000,0.23090000,0.23090000,0.23090000,0.00000000,1693541039999,0.00000000,0,0.00000000,0.00000000,0
1693541040000,0.23090000,0.23090000,0.23090000,0.23090000,3151.00000000,1693541099999,727.56590000,1,3151.00000000,727.56590000,0
1693541100000,0.23110000,0.23110000,0.23110000,0.23110000,600.00000000,1693541159999,138.66000000,1,600.00000000,138.66000000,0
1693541160000,0.23110000,0.23110000,0.23110000,0.23110000,0.00000000,1693541219999,0.00000000,0,0.00000000,0.00000000,0
1693541220000,0.23090000,0.23090000,0.23090000,0.23090000,24.00000000,1693541279999,5.54160000,1,24.00000000,5.54160000,0
1693541280000,0.23090000,0.23090000,0.23090000,0.23090000,0.00000000,1693541339999,0.00000000,0,0.00000000,0.00000000,0
1693541340000,0.23110000,0.23110000,0.23110000,0.23110000,414.00000000,1693541399999,95.67540000,1,414.00000000,95.67540000,0
1693541400000,0.23110000,0.23110000,0.23100000,0.23100000,1626.00000000,1693541459999,375.66860000,4,104.00000000,24.03440000,0
1693541460000,0.23100000,0.23100000,0.23100000,0.23100000,0.00000000,1693541519999,0.00000000,0,0.00000000,0.00000000,0
1693541520000,0.23100000,0.23100000,0.23100000,0.23100000,0.00000000,1693541579999,0.00000000,0,0.00000000,0.00000000,0
1693541580000,0.23100000,0.23100000,0.23100000,0.23100000,435.00000000,1693541639999,100.48500000,1,435.00000000,100.48500000,0
1693541640000,0.23090000,0.23090000,0.23070000,0.23080000,32552.00000000,1693541699999,7512.68730000,22,2590.00000000,598.01810000,0
1693541700000,0.23080000,0.23080000,0.23080000,0.23080000,0.00000000,1693541759999,0.00000000,0,0.00000000,0.00000000,0
1693541760000,0.23080000,0.23080000,0.23080000,0.23080000,0.00000000,1693541819999,0.00000000,0,0.00000000,0.00000000,0
1693541820000,0.23080000,0.23110000,0.23080000,0.23110000,87468.00000000,1693541879999,20204.62010000,48,87468.00000000,20204.62010000,0
1693541880000,0.23110000,0.23110000,0.23110000,0.23110000,17420.00000000,1693541939999,4025.76200000,3,0.00000000,0.00000000,0
1693541940000,0.23110000,0.23120000,0.23110000,0.23120000,48824.00000000,1693541999999,11287.97090000,10,31672.00000000,7322.42850000,0
1693542000000,0.23100000,0.23100000,0.23100000,0.23100000,3903.00000000,1693542059999,901.59300000,7,106.00000000,24.48600000,0
1693542060000,0.23100000,0.23100000,0.23100000,0.23100000,72.00000000,1693542119999,16.63200000,2,72.00000000,16.63200000,0
1693542120000,0.23100000,0.23100000,0.23100000,0.23100000,0.00000000,1693542179999,0.00000000,0,0.00000000,0.00000000,0
1693542180000,0.23100000,0.23100000,0.23100000,0.23100000,0.00000000,1693542239999,0.00000000,0,0.00000000,0.00000000,0
1693542240000,0.23110000,0.23110000,0.23110000,0.23110000,440.00000000,1693542299999,101.68400000,4,289.00000000,66.78790000,0
1693542300000,0.23110000,0.23110000,0.23110000,0.23110000,294.00000000,1693542359999,67.94340000,1,0.00000000,0.00000000,0
1693542360000,0.23110000,0.23110000,0.23110000,0.23110000,0.00000000,1693542419999,0.00000000,0,0.00000000,0.00000000,0
1693542420000,0.23110000,0.23110000,0.23110000,0.23110000,0.00000000,1693542479999,0.00000000,0,0.00000000,0.00000000,0
1693542480000,0.23120000,0.23120000,0.23120000,0.23120000,1298.00000000,1693542539999,300.09760000,2,1298.00000000,300.09760000,0
1693542540000,0.23120000,0.23120000,0.23120000,0.23120000,0.00000000,1693542599999,0.00000000,0,0.00000000,0.00000000,0
1693542600000,0.23110000,0.23110000,0.23100000,0.23100000,17048.00000000,1693542659999,3938.67140000,7,0.00000000,0.00000000,0
1693542660000,0.23090000,0.23110000,0.23090000,0.23110000,1239.00000000,1693542719999,286.10510000,3,0.00000000,0.00000000,0
1693542720000,0.23110000,0.23110000,0.23110000,0.23110000,0.00000000,1693542779999,0.00000000,0,0.00000000,0.00000000,0
1693542780000,0.23110000,0.23110000,0.23110000,0.23110000,0.00000000,1693542839999,0.00000000,0,0.00000000,0.00000000,0
1693542840000,0.23120000,0.23120000,0.23120000,0.23120000,8989.00000000,1693542899999,2078.25680000,2,8989.00000000,2078.25680000,0
1693542900000,0.23120000,0.23120000,0.23100000,0.23110000,6081.00000000,1693542959999,1405.43720000,11,324.00000000,74.90880000,0
1693542960000,0.23110000,0.23110000,0.23100000,0.23100000,2661.00000000,1693543019999,614.69600000,4,50.00000000,11.55500000,0
1693543020000,0.23100000,0.23100000,0.23100000,0.23100000,286.00000000,1693543079999,66.06600000,1,0.00000000,0.00000000,0
1693543080000,0.23110000,0.23110000,0.23110000,0.23110000,1104.00000000,1693543139999,255.13440000,2,1104.00000000,255.13440000,0
1693543140000,0.23110000,0.23110000,0.23110000,0.23110000,0.00000000,1693543199999,0.00000000,0,0.00000000,0.00000000,0
1693543200000,0.23110000,0.23110000,0.23110000,0.23110000,0.00000000,1693543259999,0.00000000,0,0.00000000,0.00000000,0
1693543260000,0.23110000,0.23110000,0.23100000,0.23110000,9771.00000000,1693543319999,2257.49710000,9,1000.00000000,231.10000000,0
1693543320000,0.23100000,0.23100000,0.23080000,0.23090000,1958.00000000,1693543379999,452.19620000,5,757.00000000,174.79130000,0
1693543380000,0.23090000,0.23090000,0.23090000,0.23090000,0.00000000,1693543439999,0.00000000,0,0.00000000,0.00000000,0
1693543440000,0.23090000,0.23090000,0.23090000,0.23090000,39.00000000,1693543499999,9.00510000,1,39.00000000,9.00510000,0
1693543500000,0.23090000,0.23090000,0.23080000,0.23090000,1502.00000000,1693543559999,346.80850000,4,1386.00000000,320.02740000,0
1693543560000,0.23090000,0.23090000,0.23090000,0.23090000,0.00000000,1693543619999,0.00000000,0,0.00000000,0.00000000,0
1693543620000,0.23080000,0.23080000,0.23080000,0.23080000,1443.00000000,1693543679999,333.04440000,3,0.00000000,0.00000000,0
1693543680000,0.23080000,0.23080000,0.23080000,0.23080000,0.00000000,1693543739999,0.00000000,0,0.00000000,0.00000000,0
1693543740000,0.23080000,0.23080000,0.23080000,0.23080000,0.00000000,1693543799999,0.00000000,0,0.00000000,0.00000000,0
1693543800000,0.23080000,0.23080000,0.23080000,0.23080000,0.00000000,1693543859999,0.00000000,0,0.00000000,0.00000000,0
1693543860000,0.23080000,0.23080000,0.23080000,0.23080000,0.00000000,1693543919999,0.00000000,0,0.00000000,0.00000000,0
1693543920000,0.23080000,0.23080000,0.23080000,0.23080000,0.00000000,1693543979999,0.00000000,0,0.00000000,0.00000000,0
1693543980000,0.23080000,0.23080000,0.23080000,0.23080000,428.00000000,1693544039999,98.78240000,1,0.00000000,0.00000000,0
1693544040000,0.23080000,0.23080000,0.23080000,0.23080000,0.00000000,1693544099999,0.00000000,0,0.00000000,0.00000000,0
1693544100000,0.23080000,0.23080000,0.23080000,0.23080000,0.00000000,1693544159999,0.00000000,0,0.00000000,0.00000000,0
1693544160000,0.23080000,0.23080000,0.23080000,0.23080000,0.00000000,1693544219999,0.00000000,0,0.00000000,0.00000000,0
1693544220000,0.23070000,0.23090000,0.23070000,0.23090000,16352.00000000,1693544279999,3774.53040000,14,15528.00000000,3584.43360000,0
1693544280000,0.23080000,0.23080000,0.23070000,0.23070000,10309.00000000,1693544339999,2379.28240000,3,0.00000000,0.00000000,0
1693544340000,0.23080000,0.23100000,0.23080000,0.23100000,2404.00000000,1693544399999,554.88640000,4,2404.00000000,554.88640000,0
1693544400000,0.23100000,0.23100000,0.23100000,0.23100000,0.00000000,1693544459999,0.00000000,0,0.00000000,0.00000000,0
1693544460000,0.23100000,0.23100000,0.23090000,0.23100000,9221.00000000,1693544519999,2129.15670000,4,139.00000000,32.10900000,0
1693544520000,0.23110000,0.23120000,0.23110000,0.23120000,1550.00000000,1693544579999,358.22430000,3,1357.00000000,313.60270000,0
1693544580000,0.23130000,0.23130000,0.23130000,0.23130000,48.00000000,1693544639999,11.10240000,1,48.00000000,11.10240000,0
1693544640000,0.23130000,0.23130000,0.23130000,0.23130000,0.00000000,1693544699999,0.00000000,0,0.00000000,0.00000000,0
1693544700000,0.23110000,0.23110000,0.23110000,0.23110000,1361.00000000,1693544759999,314.52710000,2,0.00000000,0.00000000,0
1693544760000,0.23110000,0.23110000,0.23110000,0.23110000,0.00000000,1693544819999,0.00000000,0,0.00000000,0.00000000,0
1693544820000,0.23100000,0.23100000,0.23100000,0.23100000,1526.00000000,1693544879999,352.50600000,2,0.00000000,0.00000000,0
1693544880000,0.23100000,0.23100000,0.23100000,0.23100000,432.00000000,1693544939999,99.79200000,2,432.00000000,99.79200000,0
1693544940000,0.23100000,0.23100000,0.23100000,0.23100000,0.00000000,1693544999999,0.00000000,0,0.00000000,0.00000000,0
1693545000000,0.23100000,0.23100000,0.23100000,0.23100000,0.00000000,1693545059999,0.00000000,0,0.00000000,0.00000000,0
1693545060000,0.23100000,0.23100000,0.23090000,0.23090000,6306.00000000,1693545119999,1456.06930000,8,0.00000000,0.00000000,0
1693545120000,0.23080000,0.23080000,0.23070000,0.23070000,2400.00000000,1693545179999,553.84910000,4,0.00000000,0.00000000,0
1693545180000,0.23090000,0.23090000,0.23090000,0.23090000,84.00000000,1693545239999,19.39560000,1,84.00000000,19.39560000,0
1693545240000,0.23090000,0.23090000,0.23080000,0.23080000,9805.00000000,1693545299999,2263.01340000,8,3967.00000000,915.59750000,0
1693545300000,0.23080000,0.23080000,0.23080000,0.23080000,0.00000000,1693545359999,0.00000000,0,0.00000000,0.00000000,0
1693545360000,0.23060000,0.23060000,0.23060000,0.23060000,2787.00000000,1693545419999,642.68220000,5,0.00000000,0.00000000,0
1693545420000,0.23050000,0.23050000,0.23040000,0.23040000,4476.00000000,1693545479999,1031.30700000,10,0.00000000,0.00000000,0
1693545480000,0.23040000,0.23040000,0.23040000,0.23040000,1467.00000000,1693545539999,337.99680000,2,1467.00000000,337.99680000,0
1693545540000,0.23050000,0.23050000,0.23050000,0.23050000,835.00000000,1693545599999,192.46750000,3,835.00000000,192.46750000,0
1693545600000,0.23050000,0.23050000,0.23050000,0.23050000,0.00000000,1693545659999,0.00000000,0,0.00000000,0.00000000,0
1693545660000,0.23060000,0.23060000,0.23050000,0.23060000,1593.00000000,1693545719999,367.32070000,3,1342.00000000,309.46520000,0
1693545720000,0.23060000,0.23060000,0.23060000,0.23060000,74.00000000,1693545779999,17.06440000,1,0.00000000,0.00000000,0
1693545780000,0.23060000,0.23060000,0.23060000,0.23060000,2397.00000000,1693545839999,552.74820000,4,2140.00000000,493.48400000,0
1693545840000,0.23060000,0.23060000,0.23060000,0.23060000,0.00000000,1693545899999,0.00000000,0,0.00000000,0.00000000,0
1693545900000,0.23060000,0.23060000,0.23050000,0.23050000,2478.00000000,1693545959999,571.27900000,3,0.00000000,0.00000000,0
1693545960000,0.23060000,0.23060000,0.23060000,0.23060000,105.00000000,1693546019999,24.21300000,1,0.00000000,0.00000000,0
1693546020000,0.23060000,0.23060000,0.23060000,0.23060000,244.00000000,1693546079999,56.26640000,1,0.00000000,0.00000000,0
1693546080000,0.23060000,0.23060000,0.23060000,0.23060000,0.00000000,1693546139999,0.00000000,0,0.00000000,0.00000000,0
1693546140000,0.23060000,0.23060000,0.23060000,0.23060000,0.00000000,1693546199999,0.00000000,0,0.00000000,0.00000000,0
1693546200000,0.23060000,0.23060000,0.23060000,0.23060000,0.00000000,1693546259999,0.00000000,0,0.00000000,0.00000000,0
1693546260000,0.23050000,0.23050000,0.23040000,0.23040000,6089.00000000,1693546319999,1403.04910000,5,0.00000000,0.00000000,0
1693546320000,0.23040000,0.23040000,0.23040000,0.23040000,0.00000000,1693546379999,0.00000000,0,0.00000000,0.00000000,0
1693546380000,0.23040000,0.23040000,0.23040000,0.23040000,0.00000000,1693546439999,0.00000000,0,0.00000000,0.00000000,0
1693546440000,0.23040000,0.23040000,0.23040000,0.23040000,2095.00000000,1693546499999,482.68800000,2,1095.00000000,252.28800000,0
1693546500000,0.23030000,0.23040000,0.23030000,0.23040000,211.00000000,1693546559999,48.60190000,3,86.00000000,19.81440000,0
1693546560000,0.23040000,0.23040000,0.23040000,0.23040000,59.00000000,1693546619999,13.59360000,2,59.00000000,13.59360000,0
1693546620000,0.23040000,0.23040000,0.23040000,0.23040000,0.00000000,1693546679999,0.00000000,0,0.00000000,0.00000000,0
1693546680000,0.23040000,0.23040000,0.23040000,0.23040000,0.00000000,1693546739999,0.00000000,0,0.00000000,0.00000000,0
1693546740000,0.23040000,0.23040000,0.23040000,0.23040000,0.00000000,1693546799999,0.00000000,0,0.00000000,0.00000000,0
1693546800000,0.23040000,0.23040000,0.23040000,0.23040000,0.00000000,1693546859999,0.00000000,0,0.00000000,0.00000000,0
1693546860000,0.23050000,0.23050000,0.23050000,0.23050000,867.00000000,1693546919999,199.84350000,2,867.00000000,199.84350000,0
1693546920000,0.23040000,0.23050000,0.23040000,0.23050000,574.00000000,1693546979999,132.29980000,3,502.00000000,115.71100000,0
1693546980000,0.23050000,0.23050000,0.23050000,0.23050000,0.00000000,1693547039999,0.00000000,0,0.00000000,0.00000000,0
1693547040000,0.23050000,0.23050000,0.23050000,0.23050000,0.00000000,1693547099999,0.00000000,0,0.00000000,0.00000000,0
1693547100000,0.23030000,0.23030000,0.23020000,0.23030000,10409.00000000,1693547159999,2396.44540000,7,129.00000000,29.70870000,0
1693547160000,0.23030000,0.23030000,0.23020000,0.23020000,4531.00000000,1693547219999,1043.14520000,2,0.00000000,0.00000000,0
1693547220000,0.23050000,0.23050000,0.23050000,0.23050000,286.00000000,1693547279999,65.92300000,2,239.00000000,55.08950000,0
1693547280000,0.23060000,0.23060000,0.23060000,0.23060000,95.00000000,1693547339999,21.90700000,1,95.00000000,21.90700000,0
1693547340000,0.23070000,0.23070000,0.23070000,0.23070000,1504.00000000,1693547399999,346.97280000,1,1504.00000000,346.97280000,0
1693547400000,0.23070000,0.23070000,0.23070000,0.23070000,0.00000000,1693547459999,0.00000000,0,0.00000000,0.00000000,0
1693547460000,0.23080000,0.23080000,0.23080000,0.23080000,151.00000000,1693547519999,34.85080000,1,151.00000000,34.85080000,0
1693547520000,0.23050000,0.23050000,0.23050000,0.23050000,1900.00000000,1693547579999,437.95000000,2,0.00000000,0.00000000,0
1693547580000,0.23050000,0.23050000,0.23050000,0.23050000,0.00000000,1693547639999,0.00000000,0,0.00000000,0.00000000,0
1693547640000,0.23050000,0.23050000,0.23050000,0.23050000,0.00000000,1693547699999,0.00000000,0,0.00000000,0.00000000,0
1693547700000,0.23050000,0.23050000,0.23050000,0.23050000,0.00000000,1693547759999,0.00000000,0,0.00000000,0.00000000,0
1693547760000,0.23050000,0.23050000,0.23050000,0.23050000,0.00000000,1693547819999,0.00000000,0,0.00000000,0.00000000,0
1693547820000,0.23050000,0.23050000,0.23050000,0.23050000,0.00000000,1693547879999,0.00000000,0,0.00000000,0.00000000,0
1693547880000,0.23050000,0.23050000,0.23050000,0.23050000,0.00000000,1693547939999,0.00000000,0,0.00000000,0.00000000,0
1693547940000,0.23050000,0.23050000,0.23040000,0.23040000,18934.00000000,1693547999999,4362.40940000,5,0.00000000,0.00000000,0
1693548000000,0.23060000,0.23060000,0.23060000,0.23060000,65.00000000,1693548059999,14.98900000,1,65.00000000,14.98900000,0
1693548060000,0.23060000,0.23060000,0.23060000,0.23060000,1552.00000000,1693548119999,357.89120000,3,1156.00000000,266.57360000,0
1693548120000,0.23060000,0.23060000,0.23060000,0.23060000,0.00000000,1693548179999,0.00000000,0,0.00000000,0.00000000,0
1693548180000,0.23080000,0.23090000,0.23070000,0.23070000,6942.00000000,1693548239999,1601.97350000,11,1084.00000000,250.28160000,0
1693548240000,0.23070000,0.23070000,0.23070000,0.23070000,3395.00000000,1693548299999,783.22650000,3,0.00000000,0.00000000,0
1693548300000,0.23070000,0.23070000,0.23070000,0.23070000,0.00000000,1693548359999,0.00000000,0,0.00000000,0.00000000,0
1693548360000,0.23070000,0.23070000,0.23070000,0.23070000,0.00000000,1693548419999,0.00000000,0,0.00000000,0.00000000,0
1693548420000,0.23080000,0.23090000,0.23080000,0.23090000,2894.00000000,1693548479999,668.08470000,7,2743.00000000,633.23390000,0
1693548480000,0.23090000,0.23090000,0.23080000,0.23080000,7527.00000000,1693548539999,1737.31260000,8,0.00000000,0.00000000,0
1693548540000,0.23070000,0.23070000,0.23060000,0.23060000,7126.00000000,1693548599999,1643.89700000,6,712.00000000,164.18720000,0
1693548600000,0.23060000,0.23080000,0.23060000,0.23080000,24702.00000000,1693548659999,5696.29300000,5,24090.00000000,5555.16580000,0
1693548660000,0.23080000,0.23080000,0.23080000,0.23080000,0.00000000,1693548719999,0.00000000,0,0.00000000,0.00000000,0
1693548720000,0.23070000,0.23070000,0.23060000,0.23070000,3171.00000000,1693548779999,731.41090000,4,527.00000000,121.57890000,0
1693548780000,0.23070000,0.23070000,0.23070000,0.23070000,0.00000000,1693548839999,0.00000000,0,0.00000000,0.00000000,0
1693548840000,0.23070000,0.23070000,0.23070000,0.23070000,0.00000000,1693548899999,0.00000000,0,0.00000000,0.00000000,0
1693548900000,0.23080000,0.23080000,0.23080000,0.23080000,175.00000000,1693548959999,40.39000000,2,175.00000000,40.39000000,0
1693548960000,0.23080000,0.23080000,0.23080000,0.23080000,0.00000000,1693549019999,0.00000000,0,0.00000000,0.00000000,0
1693549020000,0.23060000,0.23060000,0.23030000,0.23030000,20623.00000000,1693549079999,4754.98220000,8,151.00000000,34.80550000,0
1693549080000,0.23030000,0.23030000,0.23030000,0.23030000,0.00000000,1693549139999,0.00000000,0,0.00000000,0.00000000,0
1693549140000,0.23020000,0.23020000,0.23010000,0.23010000,15824.00000000,1693549199999,3641.25550000,9,0.00000000,0.00000000,0
1693549200000,0.23010000,0.23020000,0.23010000,0.23020000,6215.00000000,1693549259999,1430.47720000,12,1350.00000000,310.77000000,0
1693549260000,0.23020000,0.23040000,0.23020000,0.23040000,4017.00000000,1693549319999,924.74880000,5,3968.00000000,913.45920000,0
1693549320000,0.23040000,0.23040000,0.23040000,0.23040000,8297.00000000,1693549379999,1911.62880000,4,0.00000000,0.00000000,0
1693549380000,0.23040000,0.23040000,0.23040000,0.23040000,0.00000000,1693549439999,0.00000000,0,0.00000000,0.00000000,0
1693549440000,0.23030000,0.23030000,0.23030000,0.23030000,24.00000000,1693549499999,5.52720000,1,24.00000000,5.52720000,0
1693549500000,0.23030000,0.23030000,0.23030000,0.23030000,0.00000000,1693549559999,0.00000000,0,0.00000000,0.00000000,0
1693549560000,0.23030000,0.23030000,0.23010000,0.23020000,7596.00000000,1693549619999,1748.91920000,6,100.00000000,23.02000000,0
1693549620000,0.23010000,0.23010000,0.23000000,0.23000000,32201.00000000,1693549679999,7406.60690000,17,167.00000000,38.41000000,0
1693549680000,0.22990000,0.23000000,0.22980000,0.22990000,38816.00000000,1693549739999,8925.83890000,24,1065.00000000,244.89380000,0
1693549740000,0.23000000,0.23000000,0.23000000,0.23000000,6497.00000000,1693549799999,1494.31000000,5,6497.00000000,1494.31000000,0
1693549800000,0.23000000,0.23050000,0.23000000,0.23050000,102623.00000000,1693549859999,23628.15780000,37,81268.00000000,18710.10130000,0
1693549860000,0.23060000,0.23070000,0.23040000,0.23040000,35786.00000000,1693549919999,8254.89180000,16,32732.00000000,7550.88700000,0
1693549920000,0.23050000,0.23050000,0.23050000,0.23050000,138.00000000,1693549979999,31.80900000,1,138.00000000,31.80900000,0
1693549980000,0.23050000,0.23050000,0.23050000,0.23050000,0.00000000,1693550039999,0.00000000,0,0.00000000,0.00000000,0
1693550040000,0.23050000,0.23050000,0.23050000,0.23050000,0.00000000,1693550099999,0.00000000,0,0.00000000,0.00000000,0
1693550100000,0.23050000,0.23050000,0.23050000,0.23050000,0.00000000,1693550159999,0.00000000,0,0.00000000,0.00000000,0
1693550160000,0.23060000,0.23060000,0.23060000,0.23060000,325.00000000,1693550219999,74.94500000,1,325.00000000,74.94500000,0
1693550220000,0.23050000,0.23050000,0.23020000,0.23020000,27240.00000000,1693550279999,6272.75530000,20,1011.00000000,232.81930000,0
1693550280000,0.23020000,0.23020000,0.23010000,0.23020000,1773.00000000,1693550339999,408.12210000,4,0.00000000,0.00000000,0
1693550340000,0.23020000,0.23020000,0.23020000,0.23020000,140.00000000,1693550399999,32.22800000,1,0.00000000,0.00000000,0
1693550400000,0.23020000,0.23030000,0.23020000,0.23030000,640.00000000,1693550459999,147.34200000,4,640.00000000,147.34200000,0
1693550460000,0.23030000,0.23030000,0.23030000,0.23030000,0.00000000,1693550519999,0.00000000,0,0.00000000,0.00000000,0
1693550520000,0.23040000,0.23040000,0.23040000,0.23040000,140.00000000,1693550579999,32.25600000,1,140.00000000,32.25600000,0
1693550580000,0.23060000,0.23060000,0.23060000,0.23060000,675.00000000,1693550639999,155.65500000,1,675.00000000,155.65500000,0
1693550640000,0.23060000,0.23060000,0.23060000,0.23060000,3775.00000000,1693550699999,870.51500000,5,2374.00000000,547.44440000,0
1693550700000,0.23060000,0.23060000,0.23050000,0.23060000,1439.00000000,1693550759999,331.82230000,4,140.00000000,32.28400000,0
1693550760000,0.23060000,0.23060000,0.23060000,0.23060000,6061.00000000,1693550819999,1397.66660000,7,0.00000000,0.00000000,0
1693550820000,0.23060000,0.23060000,0.23050000,0.23050000,117.00000000,1693550879999,26.97700000,3,0.00000000,0.00000000,0
1693550880000,0.23040000,0.23050000,0.23040000,0.23050000,6007.00000000,1693550939999,1384.02280000,5,100.00000000,23.05000000,0
1693550940000,0.23060000,0.23060000,0.23050000,0.23050000,20683.00000000,1693550999999,4769.03300000,6,0.00000000,0.00000000,0
1693551000000,0.23040000,0.23050000,0.23040000,0.23050000,3153.00000000,1693551059999,726.54520000,4,940.00000000,216.67000000,0
1693551060000,0.23050000,0.23050000,0.23000000,0.23000000,23449.00000000,1693551119999,5401.03270000,11,428.00000000,98.62400000,0
1693551120000,0.23000000,0.23000000,0.23000000,0.23000000,842.00000000,1693551179999,193.66000000,2,0.00000000,0.00000000,0
1693551180000,0.23000000,0.23000000,0.22970000,0.22980000,5705.00000000,1693551239999,1311.63780000,9,1238.00000000,284.50640000,0
1693551240000,0.22990000,0.22990000,0.22990000,0.22990000,1981.00000000,1693551299999,455.43190000,3,1504.00000000,345.76960000,0
1693551300000,0.23000000,0.23000000,0.23000000,0.23000000,72.00000000,1693551359999,16.56000000,1,72.00000000,16.56000000,0
1693551360000,0.23000000,0.23010000,0.22990000,0.22990000,8142.00000000,1693551419999,1871.87760000,7,73.00000000,16.79730000,0
1693551420000,0.22990000,0.22990000,0.22990000,0.22990000,0.00000000,1693551479999,0.00000000,0,0.00000000,0.00000000,0
1693551480000,0.22990000,0.22990000,0.22990000,0.22990000,270.00000000,1693551539999,62.07300000,2,270.00000000,62.07300000,0
1693551540000,0.23000000,0.23000000,0.23000000,0.23000000,100.00000000,1693551599999,23.00000000,2,0.00000000,0.00000000,0
1693551600000,0.23010000,0.23010000,0.23000000,0.23000000,10802.00000000,1693551659999,2485.40210000,5,0.00000000,0.00000000,0
1693551660000,0.23010000,0.23010000,0.23010000,0.23010000,10588.00000000,1693551719999,2436.29880000,9,10518.00000000,2420.19180000,0
1693551720000,0.23010000,0.23030000,0.23010000,0.23010000,3344.00000000,1693551779999,769.61020000,7,1295.00000000,298.12130000,0
1693551780000,0.23020000,0.23030000,0.23010000,0.23030000,8777.00000000,1693551839999,2020.41240000,6,1521.00000000,350.28630000,0
1693551840000,0.23030000,0.23030000,0.23030000,0.23030000,1242.00000000,1693551899999,286.03260000,3,0.00000000,0.00000000,0
1693551900000,0.23020000,0.23030000,0.23000000,0.23000000,37953.00000000,1693551959999,8731.21870000,22,1295.00000000,298.13770000,0
1693551960000,0.22990000,0.22990000,0.22990000,0.22990000,728.00000000,1693552019999,167.36720000,3,0.00000000,0.00000000,0
1693552020000,0.22990000,0.22990000,0.22990000,0.22990000,1372.00000000,1693552079999,315.42280000,4,0.00000000,0.00000000,0
1693552080000,0.22980000,0.22980000,0.22970000,0.22970000,1025.00000000,1693552139999,235.46300000,4,0.00000000,0.00000000,0
1693552140000,0.22990000,0.22990000,0.22990000,0.22990000,60.00000000,1693552199999,13.79400000,1,60.00000000,13.79400000,0
1693552200000,0.22990000,0.22990000,0.22990000,0.22990000,3505.00000000,1693552259999,805.79950000,5,3505.00000000,805.79950000,0
1693552260000,0.23010000,0.23010000,0.23000000,0.23010000,655.00000000,1693552319999,150.66920000,5,153.00000000,35.20530000,0
1693552320000,0.23010000,0.23010000,0.23000000,0.23000000,1882.00000000,1693552379999,432.98460000,4,0.00000000,0.00000000,0
1693552380000,0.23000000,0.23000000,0.22990000,0.22990000,1660.00000000,1693552439999,381.79300000,3,0.00000000,0.00000000,0
1693552440000,0.22990000,0.22990000,0.22990000,0.22990000,0.00000000,1693552499999,0.00000000,0,0.00000000,0.00000000,0
1693552500000,0.22990000,0.23000000,0.22980000,0.22980000,30240.00000000,1693552559999,6951.10640000,15,869.00000000,199.87000000,0
1693552560000,0.22990000,0.22990000,0.22990000,0.22990000,12464.00000000,1693552619999,2865.47360000,6,10960.00000000,2519.70400000,0
1693552620000,0.23000000,0.23010000,0.22990000,0.22990000,1343.00000000,1693552679999,308.90000000,4,1243.00000000,285.91000000,0
1693552680000,0.22990000,0.22990000,0.22990000,0.22990000,1023.00000000,1693552739999,235.18770000,3,279.00000000,64.14210000,0
1693552740000,0.22990000,0.22990000,0.22990000,0.22990000,1503.00000000,1693552799999,345.53970000,2,1503.00000000,345.53970000,0
1693552800000,0.22990000,0.23010000,0.22990000,0.23010000,1704.00000000,1693552859999,391.78960000,3,1704.00000000,391.78960000,0
1693552860000,0.23010000,0.23010000,0.23010000,0.23010000,0.00000000,1693552919999,0.00000000,0,0.00000000,0.00000000,0
1693552920000,0.22990000,0.22990000,0.22990000,0.22990000,1255.00000000,1693552979999,288.52450000,2,1255.00000000,288.52450000,0
1693552980000,0.22990000,0.22990000,0.22970000,0.22980000,45957.00000000,1693553039999,10558.15490000,22,217.00000000,49.86660000,0
1693553040000,0.22980000,0.22980000,0.22970000,0.22970000,1553.00000000,1693553099999,356.86020000,3,1361.00000000,312.75780000,0
1693553100000,0.22980000,0.23000000,0.22980000,0.23000000,11327.00000000,1693553159999,2603.46630000,11,2215.00000000,509.09970000,0
1693553160000,0.22980000,0.22980000,0.22950000,0.22960000,72584.00000000,1693553219999,16666.40840000,26,0.00000000,0.00000000,0
1693553220000,0.22960000,0.22960000,0.22960000,0.22960000,8221.00000000,1693553279999,1887.54160000,9,5415.00000000,1243.28400000,0
1693553280000,0.22960000,0.22970000,0.22950000,0.22950000,15233.00000000,1693553339999,3496.65640000,9,6777.00000000,1556.00440000,0
1693553340000,0.22960000,0.22960000,0.22950000,0.22950000,2135.00000000,1693553399999,489.98610000,2,36.00000000,8.26560000,0
1693553400000,0.22970000,0.22970000,0.22970000,0.22970000,2236.00000000,1693553459999,513.60920000,2,2236.00000000,513.60920000,0
1693553460000,0.22970000,0.22970000,0.22970000,0.22970000,1819.00000000,1693553519999,417.82430000,3,1819.00000000,417.82430000,0
1693553520000,0.22980000,0.22980000,0.22970000,0.22970000,11161.00000000,1693553579999,2564.10990000,8,0.00000000,0.00000000,0
1693553580000,0.22980000,0.22980000,0.22970000,0.22970000,108.00000000,1693553639999,24.80980000,2,0.00000000,0.00000000,0
1693553640000,0.22990000,0.23000000,0.22980000,0.22980000,9299.00000000,1693553699999,2137.32240000,8,2922.00000000,671.82780000,0
1693553700000,0.22980000,0.22980000,0.22980000,0.22980000,0.00000000,1693553759999,0.00000000,0,0.00000000,0.00000000,0
1693553760000,0.22980000,0.22980000,0.22980000,0.22980000,0.00000000,1693553819999,0.00000000,0,0.00000000,0.00000000,0
1693553820000,0.22980000,0.22980000,0.22980000,0.22980000,0.00000000,1693553879999,0.00000000,0,0.00000000,0.00000000,0
1693553880000,0.22970000,0.22980000,0.22970000,0.22970000,5912.00000000,1693553939999,1357.99940000,8,130.00000000,29.87400000,0
1693553940000,0.22970000,0.22970000,0.22970000,0.22970000,0.00000000,1693553999999,0.00000000,0,0.00000000,0.00000000,0
1693554000000,0.22960000,0.22960000,0.22960000,0.22960000,785.00000000,1693554059999,180.23600000,4,0.00000000,0.00000000,0
1693554060000,0.22950000,0.22950000,0.22950000,0.22950000,5327.00000000,1693554119999,1222.54650000,6,0.00000000,0.00000000,0
1693554120000,0.22940000,0.22950000,0.22930000,0.22940000,72441.00000000,1693554179999,16616.56270000,34,22441.00000000,5148.85260000,0
1693554180000,0.22940000,0.22950000,0.22940000,0.22950000,4392.00000000,1693554239999,1007.57920000,5,4392.00000000,1007.57920000,0
1693554240000,0.22950000,0.22950000,0.22950000,0.22950000,0.00000000,1693554299999,0.00000000,0,0.00000000,0.00000000,0
1693554300000,0.22950000,0.22960000,0.22950000,0.22950000,7857.00000000,1693554359999,1803.18880000,15,7145.00000000,1639.78480000,0
1693554360000,0.22960000,0.22970000,0.22960000,0.22970000,1044.00000000,1693554419999,239.80240000,2,1044.00000000,239.80240000,0
1693554420000,0.22970000,0.22970000,0.22970000,0.22970000,0.00000000,1693554479999,0.00000000,0,0.00000000,0.00000000,0
1693554480000,0.22950000,0.22970000,0.22940000,0.22960000,49898.00000000,1693554539999,11451.87300000,34,18228.00000000,4185.23230000,0
1693554540000,0.22960000,0.22960000,0.22960000,0.22960000,0.00000000,1693554599999,0.00000000,0,0.00000000,0.00000000,0
1693554600000,0.22960000,0.22960000,0.22960000,0.22960000,0.00000000,1693554659999,0.00000000,0,0.00000000,0.00000000,0
1693554660000,0.22950000,0.22950000,0.22950000,0.22950000,8473.00000000,1693554719999,1944.55350000,5,8353.00000000,1917.01350000,0
1693554720000,0.22950000,0.22950000,0.22950000,0.22950000,0.00000000,1693554779999,0.00000000,0,0.00000000,0.00000000,0
1693554780000,0.22950000,0.22950000,0.22950000,0.22950000,51.00000000,1693554839999,11.70450000,1,51.00000000,11.70450000,0
1693554840000,0.22950000,0.22950000,0.22950000,0.22950000,0.00000000,1693554899999,0.00000000,0,0.00000000,0.00000000,0
1693554900000,0.22950000,0.22950000,0.22940000,0.22940000,33541.00000000,1693554959999,7695.29740000,32,52.00000000,11.92880000,0
1693554960000,0.22930000,0.22930000,0.22930000,0.22930000,5583.00000000,1693555019999,1280.18190000,3,0.00000000,0.00000000,0
1693555020000,0.22930000,0.22940000,0.22930000,0.22940000,108.00000000,1693555079999,24.77020000,3,58.00000000,13.30520000,0
1693555080000,0.22930000,0.22930000,0.22930000,0.22930000,323.00000000,1693555139999,74.06390000,1,0.00000000,0.00000000,0
1693555140000,0.22930000,0.22940000,0.22930000,0.22940000,5775.00000000,1693555199999,1324.70390000,7,4902.00000000,1124.51880000,0
1693555200000,0.22950000,0.22960000,0.22950000,0.22960000,1072.00000000,1693555259999,246.02680000,3,28.00000000,6.42880000,0
1693555260000,0.22960000,0.22960000,0.22960000,0.22960000,72.00000000,1693555319999,16.53120000,1,0.00000000,0.00000000,0
1693555320000,0.22970000,0.22980000,0.22970000,0.22980000,95.00000000,1693555379999,21.82600000,2,95.00000000,21.82600000,0
1693555380000,0.22970000,0.22970000,0.22960000,0.22970000,2343.00000000,1693555439999,538.10460000,5,343.00000000,78.78710000,0
1693555440000,0.22970000,0.22970000,0.22970000,0.22970000,0.00000000,1693555499999,0.00000000,0,0.00000000,0.00000000,0
1693555500000,0.22960000,0.22980000,0.22960000,0.22980000,3939.00000000,1693555559999,905.06220000,9,3600.00000000,827.16000000,0
1693555560000,0.22980000,0.22980000,0.22980000,0.22980000,0.00000000,1693555619999,0.00000000,0,0.00000000,0.00000000,0
1693555620000,0.22980000,0.22980000,0.22980000,0.22980000,67.00000000,1693555679999,15.39660000,1,67.00000000,15.39660000,0
1693555680000,0.22970000,0.22970000,0.22970000,0.22970000,56.00000000,1693555739999,12.86320000,1,0.00000000,0.00000000,0
1693555740000,0.22960000,0.22960000,0.22960000,0.22960000,156.00000000,1693555799999,35.81760000,2,0.00000000,0.00000000,0
1693555800000,0.22950000,0.22960000,0.22940000,0.22960000,6218.00000000,1693555859999,1427.03430000,10,5848.00000000,1342.15630000,0
1693555860000,0.22950000,0.22950000,0.22950000,0.22950000,8949.00000000,1693555919999,2053.79550000,5,0.00000000,0.00000000,0
1693555920000,0.22950000,0.22950000,0.22940000,0.22950000,1455.00000000,1693555979999,333.80110000,4,0.00000000,0.00000000,0
1693555980000,0.22950000,0.22960000,0.22950000,0.22960000,582.00000000,1693556039999,133.61650000,3,582.00000000,133.61650000,0
1693556040000,0.22960000,0.22970000,0.22960000,0.22960000,395.00000000,1693556099999,90.69410000,4,395.00000000,90.69410000,0
1693556100000,0.22960000,0.22960000,0.22960000,0.22960000,0.00000000,1693556159999,0.00000000,0,0.00000000,0.00000000,0
1693556160000,0.22960000,0.22960000,0.22960000,0.22960000,0.00000000,1693556219999,0.00000000,0,0.00000000,0.00000000,0
1693556220000,0.22960000,0.22960000,0.22960000,0.22960000,0.00000000,1693556279999,0.00000000,0,0.00000000,0.00000000,0
1693556280000,0.22960000,0.22960000,0.22940000,0.22940000,266.00000000,1693556339999,61.05370000,4,87.00000000,19.97520000,0
1693556340000,0.22940000,0.22940000,0.22940000,0.22940000,0.00000000,1693556399999,0.00000000,0,0.00000000,0.00000000,0
1693556400000,0.22950000,0.22950000,0.22920000,0.22930000,4093.00000000,1693556459999,938.54060000,5,126.00000000,28.91700000,0
1693556460000,0.22930000,0.22930000,0.22930000,0.22930000,3051.00000000,1693556519999,699.59430000,2,3026.00000000,693.86180000,0
1693556520000,0.22940000,0.22940000,0.22940000,0.22940000,291.00000000,1693556579999,66.75540000,1,0.00000000,0.00000000,0
1693556580000,0.22940000,0.22940000,0.22940000,0.22940000,0.00000000,1693556639999,0.00000000,0,0.00000000,0.00000000,0
1693556640000,0.22920000,0.22930000,0.22920000,0.22930000,965.00000000,1693556699999,221.24860000,4,706.00000000,161.88580000,0
1693556700000,0.22920000,0.22920000,0.22920000,0.22920000,436.00000000,1693556759999,99.93120000,1,0.00000000,0.00000000,0
1693556760000,0.22930000,0.22930000,0.22930000,0.22930000,77.00000000,1693556819999,17.65610000,2,77.00000000,17.65610000,0
1693556820000,0.22940000,0.22950000,0.22940000,0.22940000,3529.00000000,1693556879999,809.66990000,5,2650.00000000,608.02730000,0
1693556880000,0.22920000,0.22920000,0.22920000,0.22920000,121.00000000,1693556939999,27.73320000,1,0.00000000,0.00000000,0
1693556940000,0.22940000,0.22940000,0.22940000,0.22940000,4571.00000000,1693556999999,1048.58740000,5,4571.00000000,1048.58740000,0
1693557000000,0.22930000,0.22930000,0.22930000,0.22930000,3000.00000000,1693557059999,687.90000000,5,3000.00000000,687.90000000,0
1693557060000,0.22930000,0.22930000,0.22930000,0.22930000,0.00000000,1693557119999,0.00000000,0,0.00000000,0.00000000,0
1693557120000,0.22920000,0.22920000,0.22920000,0.22920000,654.00000000,1693557179999,149.89680000,2,0.00000000,0.00000000,0
1693557180000,0.22930000,0.22930000,0.22930000,0.22930000,30.00000000,1693557239999,6.87900000,1,30.00000000,6.87900000,0
1693557240000,0.22940000,0.22940000,0.22940000,0.22940000,156.00000000,1693557299999,35.78640000,2,156.00000000,35.78640000,0
1693557300000,0.22940000,0.22940000,0.22940000,0.22940000,601.00000000,1693557359999,137.86940000,2,0.00000000,0.00000000,0
1693557360000,0.22950000,0.22960000,0.22950000,0.22960000,240.00000000,1693557419999,55.09700000,4,93.00000000,21.35050000,0
1693557420000,0.22960000,0.22960000,0.22960000,0.22960000,0.00000000,1693557479999,0.00000000,0,0.00000000,0.00000000,0
1693557480000,0.22970000,0.22970000,0.22970000,0.22970000,661.00000000,1693557539999,151.83170000,4,661.00000000,151.83170000,0
1693557540000,0.22970000,0.22970000,0.22970000,0.22970000,0.00000000,1693557599999,0.00000000,0,0.00000000,0.00000000,0
1693557600000,0.22950000,0.22950000,0.22950000,0.22950000,2909.00000000,1693557659999,667.61550000,3,2909.00000000,667.61550000,0
1693557660000,0.22950000,0.22960000,0.22950000,0.22960000,2342.00000000,1693557719999,537.70130000,6,2342.00000000,537.70130000,0
1693557720000,0.22960000,0.22960000,0.22960000,0.22960000,0.00000000,1693557779999,0.00000000,0,0.00000000,0.00000000,0
1693557780000,0.22960000,0.22960000,0.22960000,0.22960000,0.00000000,1693557839999,0.00000000,0,0.00000000,0.00000000,0
1693557840000,0.22960000,0.22960000,0.22960000,0.22960000,651.00000000,1693557899999,149.46960000,2,651.00000000,149.46960000,0
1693557900000,0.22960000,0.22960000,0.22960000,0.22960000,355.00000000,1693557959999,81.50800000,2,355.00000000,81.50800000,0
1693557960000,0.22970000,0.22970000,0.22970000,0.22970000,578.00000000,1693558019999,132.76660000,3,578.00000000,132.76660000,0
1693558020000,0.22970000,0.22970000,0.22970000,0.22970000,2760.00000000,1693558079999,633.97200000,15,0.00000000,0.00000000,0
1693558080000,0.22970000,0.22970000,0.22970000,0.22970000,0.00000000,1693558139999,0.00000000,0,0.00000000,0.00000000,0
1693558140000,0.22970000,0.22970000,0.22970000,0.22970000,0.00000000,1693558199999,0.00000000,0,0.00000000,0.00000000,0
1693558200000,0.22970000,0.22970000,0.22970000,0.22970000,0.00000000,1693558259999,0.00000000,0,0.00000000,0.00000000,0
1693558260000,0.22970000,0.22970000,0.22970000,0.22970000,1204.00000000,1693558319999,276.55880000,6,1052.00000000,241.64440000,0
1693558320000,0.22980000,0.22980000,0.22980000,0.22980000,913.00000000,1693558379999,209.80740000,4,265.00000000,60.89700000,0
1693558380000,0.22980000,0.22980000,0.22980000,0.22980000,108.00000000,1693558439999,24.81840000,1,0.00000000,0.00000000,0
1693558440000,0.22980000,0.22980000,0.22970000,0.22970000,159.00000000,1693558499999,36.53560000,3,0.00000000,0.00000000,0
1693558500000,0.22970000,0.22970000,0.22970000,0.22970000,0.00000000,1693558559999,0.00000000,0,0.00000000,0.00000000,0
1693558560000,0.22970000,0.22970000,0.22970000,0.22970000,243.00000000,1693558619999,55.81710000,1,0.00000000,0.00000000,0
1693558620000,0.22970000,0.22970000,0.22970000,0.22970000,214.00000000,1693558679999,49.15580000,1,0.00000000,0.00000000,0
1693558680000,0.22970000,0.22970000,0.22970000,0.22970000,5002.00000000,1693558739999,1148.95940000,1,0.00000000,0.00000000,0
1693558740000,0.22980000,0.22990000,0.22980000,0.22990000,4125.00000000,1693558799999,948.32670000,5,4125.00000000,948.32670000,0
1693558800000,0.22990000,0.23000000,0.22990000,0.22990000,3588.00000000,1693558859999,824.91480000,8,830.00000000,190.85060000,0
1693558860000,0.22980000,0.22980000,0.22980000,0.22980000,15784.00000000,1693558919999,3627.16320000,18,0.00000000,0.00000000,0
1693558920000,0.22970000,0.22980000,0.22970000,0.22980000,120.00000000,1693558979999,27.56900000,2,50.00000000,11.49000000,0
1693558980000,0.22970000,0.22970000,0.22970000,0.22970000,1147.00000000,1693559039999,263.46590000,2,0.00000000,0.00000000,0
1693559040000,0.22970000,0.22970000,0.22970000,0.22970000,6138.00000000,1693559099999,1409.89860000,1,0.00000000,0.00000000,0
1693559100000,0.22970000,0.22970000,0.22970000,0.22970000,5146.00000000,1693559159999,1182.03620000,4,0.00000000,0.00000000,0
1693559160000,0.22980000,0.23000000,0.22980000,0.23000000,75688.00000000,1693559219999,17405.33830000,27,75094.00000000,17268.71830000,0
1693559220000,0.23010000,0.23040000,0.22990000,0.23040000,86769.00000000,1693559279999,19977.50970000,46,58276.00000000,13421.75590000,0
1693559280000,0.23050000,0.23070000,0.23050000,0.23050000,52251.00000000,1693559339999,12043.92310000,20,36615.00000000,8439.80840000,0
1693559340000,0.23050000,0.23050000,0.23050000,0.23050000,1504.00000000,1693559399999,346.67200000,1,1504.00000000,346.67200000,0
1693559400000,0.23070000,0.23090000,0.23070000,0.23090000,18285.00000000,1693559459999,4218.45600000,6,18285.00000000,4218.45600000,0
1693559460000,0.23070000,0.23070000,0.23070000,0.23070000,54.00000000,1693559519999,12.45780000,1,54.00000000,12.45780000,0
1693559520000,0.23070000,0.23070000,0.23070000,0.23070000,254.00000000,1693559579999,58.59780000,1,0.00000000,0.00000000,0
1693559580000,0.23070000,0.23070000,0.23070000,0.23070000,1935.00000000,1693559639999,446.40450000,5,0.00000000,0.00000000,0
1693559640000,0.23080000,0.23100000,0.23080000,0.23090000,68520.00000000,1693559699999,15823.21950000,32,60000.00000000,13856.63170000,0
1693559700000,0.23100000,0.23100000,0.23100000,0.23100000,3059.00000000,1693559759999,706.62900000,3,2905.00000000,671.05500000,0
1693559760000,0.23090000,0.23090000,0.23080000,0.23080000,31723.00000000,1693559819999,7321.90490000,16,216.00000000,49.87440000,0
1693559820000,0.23060000,0.23060000,0.23060000,0.23060000,435.00000000,1693559879999,100.31100000,1,0.00000000,0.00000000,0
1693559880000,0.23080000,0.23080000,0.23080000,0.23080000,5225.00000000,1693559939999,1205.93000000,5,4825.00000000,1113.61000000,0
